ID,point1,point2,point3,point4,point5,point6,point7,point8,point9,point10,point11,point12,point13,point14,point15,point16,point17,point18,point19,point20,point21,point22,point23,point24,point25,point26,point27,point28,point29,point30,point31,point32,point33,point34,point35,point36,point37,point38,point39,point40,point41,point42,point43,point44,point45,point46,point47,point48,point49,point50,point51,point52
201,29.02170181,29.1703434,27.0475769,26.05708122,30.0213623,28.13914871,30.2046299,27.37626457,27.99503136,25.40210152,27.94983482,28.83585739,28.30345726,27.86303711,25.66075706,25.59749603,25.60714531,27.47584724,21.73112297,23.66283798,30.09029007,28.72537804,30.44702339,31.64570427,27.40330505,24.57415581,12.27523613,12.13327122,23.14031029,24.16428947,37.75883102,36.25470352,24.09224892,15.43777943,20.31266785,26.50229263,26.60936928,28.89794159,30.2211895,30.84205437,24.36919212,22.63615608,22.51846123,23.02284622,26.45231819,25.06978416,23.64794159,24.08282661,23.44322205,22.53007889,22.58141899,24.48942184
202,26.97129822,25.98363495,27.88814354,26.51529884,29.10420609,27.4217205,27.94607925,26.91773033,28.24777222,26.32361794,27.55256462,27.00684929,27.64756012,28.83327293,28.14263535,25.61642265,27.17079544,29.70783615,23.63038445,25.16246033,28.96898842,30.12413216,35.8685379,36.61914444,31.66223145,30.94882584,29.71112442,30.8213768,38.43397903,36.4089241,41.92654419,38.60918427,35.50664902,25.60605431,35.35445404,36.83068848,36.56262589,35.92955017,36.22476578,38.69260025,34.61782074,30.7013588,36.33515167,33.02793121,36.24900436,33.67886353,32.89559937,32.30583572,33.29180527,31.08904266,31.35996819,33.0658226
203,30.52099419,30.92568207,29.92688179,28.02028084,31.72701263,30.03139877,31.37465858,28.78551674,29.56351471,27.27151108,29.16609001,28.7820034,28.46191788,26.19824219,23.16300583,22.55282784,27.48936272,29.27754784,22.19240379,24.56403351,29.30054665,27.79348183,29.40891266,36.78540421,30.09041214,28.63458824,14.12519073,14.20516872,27.14065361,25.78560257,37.75692368,38.5182457,29.51593399,22.86013794,23.6980648,27.03601265,27.18624687,29.48809433,30.52693558,32.53929901,26.06781578,25.58771133,25.32283974,24.05581665,28.23167229,26.73806763,26.27048302,26.62258911,24.51916122,24.34573936,24.40943336,26.78663254
204,22.14904022,21.36008072,22.89120865,23.48120117,22.81029129,22.8232193,22.25118637,23.27339745,25.60408974,25.31262589,19.31276131,18.21244049,19.2773819,20.47865105,18.47728348,16.26685333,24.94133759,29.06630516,11.52737236,13.08691692,18.20576096,21.47958374,29.00893784,26.47907829,23.42006874,29.41007042,22.04651642,21.23199654,35.67557907,34.43765259,38.03971481,34.17425919,28.47367477,27.46973801,32.08686447,35.55517578,35.73949051,34.76397705,35.58015442,35.12841034,35.00172424,30.99815369,34.15473175,32.27225876,35.11417007,31.54901314,32.29200745,31.66784096,33.11178207,32.25079727,31.98680687,33.06848145
205,29.1024971,28.84546661,27.50336075,26.45603371,29.68450928,28.09751511,29.21818924,27.05397224,28.74176407,25.9520874,27.08658028,26.68743324,26.87680435,26.34241104,24.28544235,23.60030937,26.39993286,28.62071419,21.3213253,22.68833733,28.13192749,27.25367546,28.16103363,32.64022446,27.57313919,27.83920097,15.10233498,15.55591106,28.80364037,27.27959442,38.01480103,36.74651718,26.63752556,20.45308113,23.85569,28.24467659,27.59952736,29.95603943,31.4944458,32.83368683,27.15914345,26.14365196,26.19061279,25.06471443,28.63881683,27.40460014,26.53798103,27.23433685,25.57958221,25.0059166,25.31455231,26.99650764
206,27.94841194,26.61535645,27.89715576,27.57662582,28.56183243,27.4621315,26.77104568,26.12903786,29.36078453,29.56520844,25.36961746,26.02108383,25.34654427,24.53007507,22.3660202,24.53030205,28.578228,31.84714699,20.25962448,19.86915016,25.55466652,24.51735878,28.66906357,29.7170372,25.92759895,33.01891708,27.41319656,26.98518372,38.8741951,37.03146744,39.96034241,36.67099762,32.46972275,33.43901443,35.7309494,40.30995178,40.41720963,36.79201126,36.50230408,36.91030121,35.65991592,32.36044312,38.42332077,37.33331299,38.37781525,34.5141983,34.72665787,33.35487366,35.98787308,33.3470459,31.80110359,33.73452377
207,26.31968689,25.94121933,25.64983368,25.27717781,26.30405998,26.6587162,25.64318085,25.06984329,27.13643646,27.0773201,24.65423965,24.9302597,24.32644272,23.12308693,23.32318878,22.04136848,25.65516663,29.43991661,22.22325706,23.84023094,24.50407028,24.16625404,24.73251152,32.65223312,26.44721794,29.79473686,21.03939247,23.48339462,30.47237587,31.56659698,35.25994873,35.56684494,30.59118271,25.66204453,29.7534256,31.57965469,30.71284103,32.05975723,32.86753082,33.85922623,32.71469879,30.5604248,30.49664116,30.33463478,31.30868912,30.14267921,31.47501945,31.65808105,29.7796154,30.90138054,31.20353508,32.15062332
208,28.24658585,28.29215431,30.01310349,30.49143791,29.82243729,30.2340374,29.25206566,31.53705788,31.69662857,31.47610474,24.90812492,23.31869698,24.50416183,27.17912674,25.64460945,22.31629372,32.49176025,34.20062256,13.10928059,18.11412239,23.55177689,27.07951927,40.5690918,40.85235214,34.75399399,33.50628281,30.96644783,27.27363777,38.08382797,34.853508,40.9657402,40.77344131,32.78323364,31.15852928,34.7089386,35.78566742,35.93148422,37.0475235,37.45815659,35.25741577,33.81909561,33.63189697,35.45291901,33.43650055,36.39374542,33.16169739,33.42606735,33.76522446,33.40666962,33.32653809,34.47382355,36.64954376
209,30.06295204,30.08213234,28.74951172,27.30012512,31.05715179,29.40683937,31.57021713,28.8122673,29.72221565,26.80433846,28.73140907,28.57583237,28.77578163,27.71719742,25.8065815,25.30142784,26.99166489,29.18152046,22.53876305,24.49319267,29.80550957,29.52300453,30.2092762,34.83866501,28.9349575,28.19482994,11.94200993,12.53206158,26.83157539,25.85242844,38.25559616,38.19758224,28.20145035,20.69771194,21.64755058,27.15088844,27.87030411,29.70556068,31.1608696,33.32000351,26.02100372,24.59475708,24.40236664,23.70295334,27.89933205,26.37130737,25.68322563,25.94460678,23.863657,23.496315,23.75156784,25.75922585
210,29.39829445,29.98233414,28.25927544,27.03016472,30.99675941,28.95207596,31.05365372,27.68757629,28.40526581,26.10411072,29.28847313,29.88020515,29.4385891,28.04060173,25.88437653,24.80155182,26.42346382,27.75713158,22.29904747,25.54210281,30.6704731,28.8096447,31.63915253,35.83334351,30.50011826,26.00455666,14.76542854,14.45095253,24.68417931,24.22158051,36.74613571,36.32603455,25.93704224,17.90921021,22.14128494,26.06336212,26.34775925,28.84982681,29.88925934,31.31430244,23.97304726,24.0452919,23.71815109,23.27355576,26.96687508,25.38825798,24.46211243,25.00527382,23.96442604,22.80684853,23.53697777,25.30021095
211,23.02989578,22.66230774,22.42196083,21.77804375,24.52199554,24.42044258,25.13106155,22.87708092,23.71364212,24.38807487,24.12908173,26.78116226,27.59153748,26.53917313,25.1719265,24.42128563,23.76368713,24.44600105,22.07467461,22.67277718,27.51773453,27.4780426,27.61512184,27.67226219,26.2424736,20.76749992,22.84621048,24.52602386,30.08241463,30.19355774,32.91714096,31.55053902,28.51779366,18.8073864,26.58421707,31.1315136,32.01462936,29.76761055,29.90949821,29.22738457,24.30314064,24.20100403,27.12583542,28.5564785,29.24223137,27.99641991,27.20007515,24.94734955,26.69725418,26.01315117,23.73221016,25.34915543
212,31.98035431,32.15433502,31.76011276,32.65626907,33.55999756,34.18278503,34.71028519,35.84947968,35.08122635,32.80564117,31.39230728,29.75157547,32.55665588,35.58321762,34.65130234,30.91918373,34.75646973,35.94690704,19.58538818,27.34646034,32.06919861,35.23964691,46.63129807,39.56708908,36.35957718,34.57905197,25.6017704,22.56255913,34.32208633,30.76203537,39.83750916,41.24996567,32.82760239,33.32757187,29.61452103,34.10682297,35.02988434,37.21911621,37.86254501,34.87229156,34.44419479,35.03255844,30.55879402,29.8830719,32.38394547,29.2590847,29.37640953,33.86544418,29.17432785,29.10969353,32.85205078,36.30437469
213,28.43356705,26.8254528,25.84227753,25.01882553,28.64091492,26.92187881,28.07614517,26.06772232,27.94001389,25.62829208,25.01495934,25.09428787,25.3295269,26.26072311,25.13516998,24.1839962,24.71976089,29.08336258,17.05416679,22.21710587,27.29683113,27.52417946,28.93705559,31.80012703,26.08284187,26.93426704,11.59885979,10.35471153,29.4898777,29.00508881,38.66867065,37.52306747,22.00553131,19.63975143,25.98949051,31.11255455,30.70616913,32.97653198,31.91876793,33.00229645,28.88215446,27.83880615,27.9932766,27.75129509,30.55111885,27.5639286,27.0718708,28.31018257,27.85777664,27.66703224,27.2756176,29.71608353
214,26.25662804,27.77711678,27.68503189,25.45701027,29.71144867,27.2709446,29.32813263,25.70384407,26.13055801,24.90308762,27.72660255,29.80731392,29.09192848,25.69901085,22.02264023,22.30858612,25.78042412,25.11088562,23.83158684,24.35505867,30.71432114,27.5612812,26.39020157,37.10284042,30.39566422,26.08479881,18.76137543,20.9444046,25.59328651,27.87031364,33.72253799,33.9133606,33.08405304,20.32066154,24.85744858,26.69368553,27.2791729,28.1014061,27.50911522,30.42034149,22.90262604,22.04254723,24.56023598,24.38224602,27.48612595,26.75272179,26.0264225,23.98630524,23.88973427,22.677845,21.72873878,23.16786957
215,22.84429169,22.6835537,26.16772842,28.26758385,23.7912159,25.92506981,23.8623848,28.93022156,30.29825592,31.92179871,20.12876701,18.91598511,21.27580261,24.61161613,25.17967224,23.40854073,32.66688156,34.7577095,12.91644955,15.16606617,18.12498856,24.05315971,38.86783981,37.2748909,33.0640831,36.49224854,35.58368683,34.43286896,44.84420776,40.6158638,41.93871689,39.34733582,37.42316055,35.11737823,39.78269958,42.17800522,44.23401642,40.2820015,41.45249176,38.52243042,39.96098709,35.5839653,42.93544769,41.58002472,41.58079147,38.10360718,39.48755264,36.70005035,39.10626602,38.21741486,38.98654175,39.72819519
216,30.99161911,29.94067192,30.6714344,30.57779121,33.08997726,31.69808197,31.55459785,31.26052284,31.37638092,30.70967102,28.79839706,28.45425606,30.11349487,32.56773376,31.47654343,25.82086182,32.12667465,35.10482407,17.70209122,24.92597961,30.89425087,32.09831619,41.87185669,38.39678955,35.36318588,33.7007103,28.18612099,27.70678329,40.0970993,36.08737946,40.04574966,37.34617996,31.07333755,35.77058411,30.478508,34.07562637,36.33945084,37.67012024,35.05539703,34.1891861,31.36539841,33.19591904,32.72654724,32.50462341,32.56245804,30.64911461,29.96109581,31.69232559,30.89546013,28.64667511,29.98007965,31.84544754
217,30.13938713,31.58180428,31.1939621,28.18110657,33.34646225,30.51847267,32.10609818,29.45458794,29.77487373,26.62362862,29.5572567,29.83315086,28.23147774,25.55911827,22.64612579,21.30574417,28.3504715,29.42368889,24.15735817,24.71193886,29.68378448,27.64104271,29.37414169,39.94968414,30.53001213,31.6904068,15.55493355,16.60111618,27.44803047,27.75681877,38.21186829,39.75098801,34.31140518,21.28481483,24.35548592,25.80175591,25.81299782,29.43322945,29.98712349,33.51071167,25.62445259,23.81535721,24.83820915,22.23944283,27.78916931,27.04821396,26.18770218,25.99688721,23.05430794,22.85603523,23.53821373,25.98695946
218,34.55477905,33.52309418,32.68101883,31.4084568,36.04528046,33.13061523,34.51535416,32.20098114,33.543293,30.77941895,32.30589676,32.37682343,32.11012268,31.8141346,30.27120399,30.47556877,30.5417099,33.77938843,22.11902618,28.63646889,34.47526169,32.5551796,34.8323822,37.628582,31.33148193,30.88597679,17.2432518,16.26100159,31.56194878,30.0371151,41.95029831,40.12398529,26.03639603,25.10207558,27.33828735,32.22140503,33.01752472,34.313591,32.58760834,35.00506592,28.79807281,27.31775856,29.39628983,29.08170891,31.81438255,28.82186127,27.4439621,27.93428993,28.15978241,26.79691887,26.21377754,29.32526779
219,23.72672462,24.48922539,23.57928276,22.89566994,25.41287231,25.13912964,25.86986542,23.61201668,23.99602127,23.56957245,25.09012794,26.85003662,27.40107155,25.63482475,21.99657822,22.70599937,23.48455048,23.9489727,21.06668091,21.01041985,27.41783905,26.2481823,25.06030273,28.83481026,26.0749855,24.01791382,20.63828087,22.04217339,26.83447075,29.4569416,30.72732162,29.58311653,29.47824478,24.51961136,27.06414223,31.02121162,30.85282135,29.03616142,28.43577766,28.83617783,26.34290886,26.27995682,26.99028015,28.81992149,28.47351646,27.36571693,27.28876686,27.59051132,27.30529404,25.89902687,24.93597221,26.03959656
220,22.38466835,21.77486038,24.86382484,25.5072403,22.52404976,24.05126572,21.66773415,23.0245285,26.9631958,29.30711746,21.86379242,21.83278656,20.90197372,20.61715698,21.97443008,19.98867226,27.94900513,31.4853878,17.58795547,19.32767677,19.42048454,21.19824982,30.33149719,33.99775314,30.74803543,32.21252823,35.78734207,35.20701599,41.27518845,38.11831284,38.49385452,36.64704514,37.18147278,35.64387131,38.53461838,40.13597107,41.12283707,37.87045288,38.79909897,36.99682236,38.17827606,35.51634979,40.80612946,38.3566246,38.73334885,35.56681824,37.20286942,36.19212341,37.67731094,35.91709137,36.0411377,37.00723648
221,22.39263153,22.6304245,24.27757072,25.07446861,23.76176834,24.25589561,23.04533958,26.20707893,24.97193909,26.35473251,18.33764839,16.51609612,18.34012985,21.49859428,18.2755928,14.75421619,26.98361969,29.02595711,5.778336525,11.5797205,17.82468987,22.3138485,33.49526215,33.49050903,28.7776413,29.33701324,22.80377007,19.77899933,33.20760727,31.42085648,34.29861069,34.07983398,27.77400589,26.05776405,31.09654999,33.31629944,33.28583145,32.14964676,32.99156952,30.08848953,32.03805923,31.57881165,32.63700867,31.62932014,33.65074921,30.84623146,31.60261154,31.00192261,31.34051704,32.50881577,32.78582764,34.10327911
222,25.87869072,25.47723579,27.25272751,27.8515873,26.77853012,27.80039406,27.39795685,29.17173386,29.4976387,28.86882019,24.65691566,22.795681,25.75976372,29.08759308,28.72961807,26.25794792,30.06808853,31.59807968,16.64547157,20.74410248,25.17828178,29.429533,41.2927475,38.38113785,34.55768967,31.36606407,29.71127129,27.51745987,38.51521301,35.15571976,41.65147781,39.51011276,34.72720718,29.59808159,34.72001648,39.62575531,40.71820068,37.71593475,39.18424988,37.06850052,35.34990311,32.5671463,37.01783752,36.39411163,37.27768707,33.57461929,33.79496765,33.2215271,34.32771301,32.94153595,33.63323593,35.51725388
223,29.45741463,30.30042267,31.80496597,30.80357552,30.92274857,31.34197617,31.20809555,31.14392281,31.38564873,30.62820816,29.82050133,29.64335442,30.18349648,29.45307159,29.82710648,28.99200249,32.19532394,32.6000061,27.63752174,28.35544205,29.61015892,30.18494034,35.97741699,41.22382355,34.25166702,34.93615341,31.7316227,32.50515366,35.63485336,34.44982529,37.75893021,38.13498688,39.09788132,29.22769547,33.6365242,33.935112,34.17257309,33.87810898,33.8821907,35.11733627,32.22857666,30.01152611,34.17525864,32.59001541,33.30033112,32.04357147,32.13824081,31.30272102,30.46894264,30.37904739,30.84106445,32.82995224
224,27.27685356,29.65940666,29.8034935,26.97875786,30.75434113,29.05406952,31.16573524,27.88616753,28.10837364,26.16980362,29.23459244,30.57551956,29.77634621,26.94805145,24.71147919,23.75695229,28.15865707,26.32089615,26.29913139,26.9460392,31.52337837,29.38142014,29.40563583,42.28104782,33.22597885,29.11017036,18.25078201,21.07348824,24.47199821,27.65375328,36.19479752,38.05780029,36.86800385,18.76930046,24.12142754,25.65819359,26.07588005,28.02587891,29.28508568,32.7998848,24.40805054,21.73841476,24.18001747,23.43958473,28.06933784,27.73252296,27.16571236,24.94093704,23.37315559,22.93821907,22.73587227,24.28664398
225,22.47948265,22.27007103,22.40473747,21.93775368,23.50738907,22.84518814,22.96677589,21.21824074,22.67605591,22.90459061,22.58769798,23.74131012,24.38939476,23.63866234,21.11250877,22.10875893,21.82379723,23.96358299,19.28228188,20.52621651,25.13572884,24.46025467,23.68483734,29.26676941,25.64857864,23.59618568,21.07276344,22.90755653,29.65659142,30.884552,33.62935257,31.05143356,28.26402283,20.53427505,30.21020508,33.4612236,32.62251663,30.35155869,30.18511581,31.13708305,29.34906006,27.18600845,30.85327721,31.74084473,31.63820839,29.73510361,29.51050377,28.74117279,30.50401688,28.98789597,27.38837242,28.39608192
226,28.04636765,27.37727547,28.85228729,27.77083778,28.27734184,27.4282341,26.56602097,25.56627274,29.07012939,29.43738174,26.501894,26.6315937,25.46416473,24.03011513,22.60668373,24.42634392,28.42887688,31.91691399,23.98987579,23.66006851,26.38566589,24.25294113,25.81248665,29.62452888,24.6925087,32.99290085,29.86454391,31.0011673,38.04113388,38.09371185,40.99450302,37.82931519,35.66329575,28.56190681,36.99105072,38.82722473,37.64790726,36.73740387,36.46533585,38.26609039,36.06819153,30.57230759,37.66672134,36.32372284,38.02812576,34.53754425,34.79137039,33.46042633,35.67420197,32.82818222,31.40236282,32.92264557
227,31.58057404,31.00256729,30.01463318,30.89376259,31.52296257,31.9227581,32.13028336,32.55022812,34.32299423,32.5807724,29.79500389,29.82298088,31.83109856,32.1454277,31.92632294,32.37073135,32.30441284,35.97747421,24.22388458,28.11563873,30.7976284,32.90165329,34.04010391,32.03370285,28.4479866,35.93240738,23.0215435,22.99230576,37.49258041,37.13772202,41.14176559,40.07541275,34.45328903,36.94303131,33.91242218,39.88378906,39.81164169,39.56209564,38.69966888,38.11270905,39.02573013,36.07295227,35.64371109,36.13084412,36.23321533,32.23859024,34.19443893,36.40056229,33.57195282,33.67948914,34.05452728,37.2231369
228,31.69358063,31.4064064,30.55648804,30.12523651,33.03966141,31.22922516,32.71098709,29.80719185,31.82625198,30.97251511,31.57916641,33.16941833,33.70735931,31.94292831,30.60172081,32.10928345,30.54935455,31.06417084,26.29511452,30.15110588,34.59360123,31.98246193,32.06243896,36.26628876,31.53451157,28.8935585,23.73584557,24.30893517,31.65262413,32.06708908,39.02508926,36.74675369,29.84632111,25.94577408,29.33000565,33.43056488,34.29636002,33.866539,32.50801849,34.04079437,27.82795143,26.95225334,30.61512184,32.15856934,32.71069336,30.05134392,29.46326065,28.40309525,29.53947449,27.7529068,26.47431755,28.30818176
229,21.40505409,21.66162491,23.20596313,24.62667274,22.55846405,23.75601578,22.78828812,26.00855827,26.26980209,26.67086411,17.47625542,15.73243999,18.41515541,21.44364357,19.37532425,15.94632626,27.21458054,29.84990883,6.42406559,10.89970207,16.55091095,21.93325233,34.31329346,31.00631523,27.1368866,30.13930321,22.60861588,20.1211319,35.14268112,33.75588608,37.14094162,34.96783829,29.02531433,28.08497238,31.62050819,35.69210815,36.83200455,35.03417206,35.966362,32.88038635,33.81386566,31.35722923,33.92456055,33.53650665,35.11508179,31.67930412,32.95092392,31.79457092,32.72568893,33.19433212,33.26775742,34.31848907
230,33.27360153,32.47774887,31.71632957,31.09839058,33.90428543,32.3703537,33.73433304,31.68945313,33.0346756,30.89310074,33.16581345,32.33916473,33.1014328,32.74868774,32.63157654,32.20278549,31.00302315,32.96577835,27.0334034,31.37707329,34.2233696,33.68354034,36.79953003,39.02615356,34.66915512,31.01312065,20.77179527,21.43818283,31.26937103,27.00027084,40.7982254,40.28282547,31.75758362,26.51951218,26.63407135,32.74974823,33.7704277,31.83621025,34.47793961,35.57559586,30.58231163,29.36954117,30.47345161,29.24585152,31.62835884,29.36063004,29.04494095,29.51807022,28.31382561,27.04186821,27.95696831,30.61091423
231,27.81711769,28.61326027,27.52105904,26.31721306,28.86825562,27.53965759,29.10269165,26.66954994,27.51579285,25.80062675,27.21146393,28.38221359,28.60749817,26.5050869,23.83065605,24.95464516,26.27282906,27.04223633,23.45802879,23.48800087,29.63684464,27.35568428,26.83415222,32.67308807,27.67891502,26.10676575,16.29631233,17.38908577,24.51903152,27.81557846,36.85229874,35.13029099,29.66269875,17.99549103,24.06892014,28.50015831,28.92509842,29.69796181,30.83799362,32.00949478,26.08700562,23.13238907,25.39295387,26.43709946,28.36991882,27.62630272,26.73034477,25.80969048,25.83010864,24.65337372,23.78417969,24.87652397
232,27.81331062,27.35478401,25.2959671,24.96203232,27.681036,26.95487976,28.81362152,26.85162354,27.38353729,26.07238007,27.28480721,28.68751144,29.08250427,29.36776733,28.10733414,28.52053452,25.80367279,26.88938332,22.7888813,24.89261055,30.49091721,30.43673515,30.41998291,31.2057991,29.22836304,22.90728951,12.99689865,13.96971607,23.56994438,23.75094223,36.79162216,36.38240433,25.10357666,15.15889931,20.391716,27.63194084,28.63484955,28.57087326,31.40891457,30.50022888,26.62091064,25.32645798,24.15842247,25.15197372,27.28845024,26.17056084,25.52802658,25.96294403,25.07013321,24.7241745,24.78459549,26.680933
233,26.85829544,26.45137215,25.62026978,24.85593605,27.54118156,26.10427094,27.67430305,25.41109467,26.23493958,26.01719475,25.46501923,26.11855698,26.1740799,27.08912086,26.04493713,26.89413452,25.50662613,26.36587715,21.63063622,23.71984291,28.43291092,28.11754036,29.10947418,35.92710495,29.74618149,25.85407448,15.47064972,16.6689682,26.36356926,25.49381065,35.3213768,35.45246887,25.4642868,15.77144241,24.33704948,29.20179367,29.36763,27.62605095,29.27011108,30.92066002,26.48384094,24.74779129,27.80407906,28.49931717,29.95905113,28.45632362,28.03031349,25.61404419,27.2286644,26.86670494,25.80194092,26.9910202
234,25.92345238,26.52398491,25.22872543,25.20820045,26.37944412,26.16248703,27.92403412,25.95132637,26.48283768,25.89069748,25.33655548,27.20903778,28.2261219,28.11970711,26.4557457,27.8122654,25.88725281,26.24097824,22.32932854,22.59085274,28.38173676,28.17830086,27.53429413,32.42071915,27.65169907,25.28504944,18.01132774,19.76515961,26.13615417,30.05807877,35.64528656,33.73907852,28.12144852,17.41315269,25.98915482,30.41547394,30.6260643,30.39269638,30.97159958,31.91017914,27.43440247,24.59374809,27.46943092,30.00462532,30.28063965,28.98711967,28.80356789,27.48424911,28.50986862,27.5812664,26.38046646,27.07967377
235,33.40710831,32.6983757,32.47314835,33.79146576,32.68858719,33.99625397,34.74756241,35.44887543,36.72802353,34.78671265,31.32791901,30.75353813,33.94837189,33.68881989,34.23408127,34.46649933,34.47211075,39.04500198,25.14517212,29.78880692,31.36650276,34.62781143,37.99594879,31.89648247,29.53611946,36.68680954,24.29181671,24.3216095,37.64880753,36.94653702,42.73009109,41.07658005,36.21984863,35.74753571,33.02262878,37.4375,39.03425598,40.40940094,39.37696838,39.59726715,38.84947586,34.58707809,34.45038605,34.66116714,35.57178116,32.0777626,33.5625,34.96324539,32.71545029,32.60009003,34.23471069,36.84125519
236,25.57535362,24.62880898,25.48186493,24.34456825,26.43647003,24.95865631,25.39004326,24.00467491,25.69937134,24.70975304,23.0945282,23.25936127,22.79951096,22.98942757,21.61671066,20.40657806,23.95904732,27.89598274,17.47131538,19.53848457,24.07336807,24.44833755,27.74990845,32.13655853,26.50851822,27.05923653,19.60737228,20.44746208,32.07348251,31.40558815,38.34632492,35.79410172,27.61892319,18.75753403,29.71501732,32.04627991,31.59177399,31.98770905,32.13507843,34.31209946,30.71071243,27.12624168,31.00995445,29.45901299,32.43989944,30.22508049,29.48266792,28.57283211,29.86412811,29.01234055,28.5297184,29.8367691
237,15.1703825,13.80640793,17.14802361,17.14500809,14.67688942,17.83217621,17.4102211,19.98491096,22.16981506,19.02497482,10.04477978,10.89642334,17.29537582,16.5531292,15.13868141,18.35863304,20.75827026,25.19330978,2.927624702,8.794822693,12.28267288,15.16928768,18.39798927,26.0878849,21.012743,26.77240181,6.801464081,7.838493347,20.01644897,24.07491493,33.06665039,33.16338348,26.21952057,24.61279106,21.61505508,28.84498787,27.28319168,29.4546051,29.5827961,30.12133598,30.88107681,30.23413086,23.30213737,26.2949276,28.12924957,25.98135567,26.22301674,29.72651291,23.75492096,25.28378105,28.51577187,30.40234184
238,14.68360996,13.52440834,17.15427399,16.58347511,15.76651573,17.26315308,16.09110641,18.95293236,19.8414917,17.46508408,9.293662071,10.49716377,16.00921631,15.50485802,12.74093723,12.80943584,19.86652946,23.66998863,0,6.97256422,12.60071754,14.70504761,19.70286179,28.26448441,23.18221855,24.64243507,8.41949749,8.836429596,19.73047447,23.1919899,29.52412796,29.73409081,24.15030479,24.41183662,20.16161156,25.51123238,24.15971756,25.99430656,24.70178032,25.37356377,25.82839012,29.27790833,21.37997437,23.91970062,25.69731331,24.66604424,24.07967567,26.90185356,21.43787956,23.35038757,25.74196243,27.5436058
239,21.15689468,20.58226395,21.38185501,19.83737564,23.45846939,23.35375595,24.50971985,22.86767769,25.2762661,17.61175346,19.80085373,21.17405701,24.25618935,21.18254852,19.62013817,17.89495659,21.21156693,25.83882713,6.777114868,17.30172348,20.67232704,19.33679771,25.27713013,32.72636414,27.63696289,23.84796143,0.269400656,1.04482913,12.26661587,12.9740572,32.24592972,34.01666641,20.95434189,21.72374153,10.12230778,18.37895393,17.77222824,23.57634163,24.29065704,26.34205818,19.45898247,26.14165115,11.02973175,12.0494566,17.8550396,17.14816856,14.8964529,24.04845428,12.54309273,12.71962643,19.3931675,23.088974
240,13.66936302,13.17378139,18.36689377,18.11209488,15.05065918,17.50610352,15.22587013,20.27368164,20.46558952,19.39009094,7.489663601,6.752758503,11.13944244,11.01711845,6.500392914,6.846915722,22.31559753,25.17567062,0,0,5.542315483,9.263472557,23.77422905,26.76270485,22.21293068,26.09437561,13.77232552,11.71037674,21.76487541,21.88636017,30.18597794,30.62172318,25.12216568,25.28484344,22.86377716,25.88400459,24.211092,25.26756287,25.84321022,26.08502197,28.17483139,29.40262604,24.24028587,24.68556023,28.24575615,25.86132622,25.34042358,27.83238983,24.53042603,25.5592308,28.47589302,30.24605179
241,8.35603714,7.166266441,13.98274422,12.92117882,9.044754982,11.58804798,9.305330276,10.97698021,17.46887207,17.40960884,4.572299957,6.718898296,7.737395287,5.903060913,5.52238512,6.885654449,18.63704109,22.51996613,1.474561572,2.094970703,3.550355673,4.565525055,9.356772423,22.00425148,16.46873856,25.46310234,19.80008698,23.50120544,25.1129818,28.06642914,32.11561584,30.54020691,26.68133354,23.38419914,26.11478806,27.1769352,25.95590973,28.55870628,28.46609116,29.95334244,29.1099453,27.9380703,27.06249046,26.83524513,30.78409386,29.68935585,29.19479752,28.91783905,26.70543671,26.53450394,28.42935944,28.10998535
242,15.37013721,13.6949482,15.99756718,14.96062088,15.07530403,17.08550072,16.97981834,18.04715538,20.76646042,16.75220299,12.11475277,14.03723907,18.61377525,18.93412971,19.3835392,20.69059181,19.18451691,22.66843987,9.592439651,13.58364391,15.76014996,17.75502396,16.94921112,29.37578773,23.73585892,23.85185051,6.963387489,12.82568645,18.25377655,22.08267212,33.81551361,34.25180054,25.52679062,19.36947441,17.72441673,24.03315163,22.38224792,25.46925735,27.21198463,29.41346169,27.63557053,28.17395592,20.69509315,23.01613426,25.0296936,25.95404053,24.6984005,28.28974533,21.10020256,22.65584373,26.08765602,27.54742813
243,20.38552094,19.73420906,22.09030914,19.36068916,22.5108242,22.1370697,22.94697952,22.37390137,23.93884659,18.91139793,17.50437737,20.18479729,22.78564644,18.6617794,16.23170471,17.33859825,21.39634323,25.50540733,10.95535755,16.65065002,19.67443275,18.06735802,18.03919983,30.5312233,22.70698738,28.11462593,5.285955906,8.460865974,16.45555687,22.20951462,33.64042282,35.17454147,27.81534195,21.75411034,18.66652298,20.25741005,18.64780045,26.43528175,24.01130867,29.92299461,25.83531952,26.26965714,18.44066238,18.73364449,23.71646118,23.17750549,22.15607071,26.65236282,19.09375191,19.70227814,23.1768837,25.94419098
244,11.3036232,9.940213203,14.24053574,13.53921795,10.98684502,13.43711281,11.32398891,12.32279301,16.78255272,17.1275444,7.278357029,9.977437019,13.28671646,9.721902847,8.821984291,12.43203449,17.06275177,20.83244896,3.629654646,7.992557049,9.733683586,7.914157391,10.62073994,26.50403786,20.82710457,22.70710945,14.0434494,17.26390648,21.38122559,25.40946007,30.65434456,29.19298744,24.11818695,22.42221832,23.43517494,26.70338249,25.07883453,27.5757885,26.09181786,27.62355614,26.09716415,26.71216774,24.91333961,28.34585381,28.14856529,27.30924034,26.74493599,26.58493233,26.0215416,24.71590614,25.63381004,25.20730591
245,6.688627243,4.686312199,10.94757748,10.80174923,7.216602325,9.490699768,8.159302711,9.490754128,15.04798412,14.81664276,4.724825382,7.712934971,11.89423847,9.934142113,10.5794239,13.36103821,15.3821106,21.46568108,3.861166954,6.165798664,7.567938805,8.97462368,11.18901348,24.57538795,19.9748745,23.85904121,18.73456764,25.98459625,27.93258476,32.37401199,34.04476166,29.25444603,31.26948166,23.43585205,28.67548561,32.76904297,33.39297867,32.24325943,30.7275219,33.68232346,30.68098068,27.05926704,29.662714,32.91006851,32.83508682,31.70808601,31.19991875,28.53217316,29.26886368,26.53947639,28.40405273,27.00871658
246,15.01045036,13.27428341,17.66637802,14.67054844,17.8229866,16.9573288,16.98475266,17.13904762,18.51239967,14.30601883,11.14036655,13.14049053,15.50493813,14.52503777,11.26549149,9.710846901,17.26890755,22.45788383,0.760022819,6.956639767,13.87012291,13.7651968,17.90220642,27.38180733,21.42273712,23.75524712,6.904669762,9.575510979,18.76768684,22.92030525,31.15074921,30.14325142,23.18668747,20.44505119,17.81880379,21.65824318,21.18418884,25.46512222,23.08328247,26.89932251,22.87311172,25.25710297,18.18440437,18.9648037,23.11924553,23.2791729,20.33465004,24.24578857,18.93358994,18.86779594,21.69024277,23.5655632
247,23.07526779,21.93765068,24.05608559,23.31263542,24.76693344,23.7703476,23.05942345,23.74865723,24.48142624,24.29201508,19.66179466,18.19466972,18.79702759,21.11845207,17.72569275,15.51484394,24.51996422,28.18046951,10.46415329,12.65349579,19.42978096,21.48808098,30.76047707,29.24318695,25.24027634,27.99767113,20.85760117,19.66497421,34.73158646,31.88729858,36.81526566,34.56991959,28.21362686,24.390028,30.66402817,34.40282822,35.0329361,32.73334503,32.89297867,32.51248169,30.53330421,28.24119949,32.20359421,31.13746071,33.24446869,30.44826698,29.96177864,28.72371864,30.45891571,29.60689926,29.18768501,30.50065994
248,18.78157616,18.7537365,20.58670616,21.63873482,19.93894577,21.55709076,20.82900429,22.527071,23.40218925,24.77341652,17.60443306,18.11859894,20.37548637,22.4935379,22.78417969,20.70059586,24.65036583,26.11598969,13.61011028,15.4327507,18.97690392,22.93713951,30.92466927,34.45965195,30.94179726,26.24823952,27.07022858,28.61169052,36.19652557,35.00296783,36.28045273,33.80609131,31.27451324,24.34115028,32.0984726,36.36399078,38.18864441,34.75088882,35.33221436,33.23131561,30.86275864,28.59086609,34.1095047,35.47339249,34.47689056,32.68516159,33.12528229,29.80202103,32.36950684,31.29250336,31.12922859,30.48048973
249,22.10858917,22.25531197,22.57159424,22.72273254,23.89093018,23.62993622,23.67246056,22.7164669,23.31975746,25.25464821,19.63159752,22.0780201,22.22968483,21.81085777,19.34191322,20.50327873,23.99117088,25.46871758,13.61848831,15.4191637,21.80652809,21.39315224,24.51241302,30.07747078,24.90690041,25.91167641,22.18372726,22.3270607,31.70036125,32.53939056,30.67661667,28.48743439,22.87982559,22.01464844,30.25732613,33.20588684,34.37450027,30.95957184,28.61967659,28.39303207,26.19789314,26.08016014,31.63096809,33.57901764,32.35239792,29.77267456,30.00603104,26.83704567,31.31540298,29.98458099,27.55362701,27.61991119
250,29.65226746,30.38257027,28.59306717,29.35103607,31.18584824,31.13587189,32.33112717,31.91235161,31.40995026,27.61676216,28.41815376,26.05553436,28.10736656,30.04032326,27.13036728,21.70748329,29.23649025,32.20145035,13.37904072,21.77519417,27.36194992,30.05228233,41.01554871,34.1718483,31.10229874,29.32251549,14.32315826,10.12013531,26.51739693,23.63837051,36.18335342,37.60138321,25.56826782,27.05866814,22.12239075,27.77856064,27.88591576,31.77928925,33.45592117,30.67459679,28.36084175,31.20415306,22.55105591,21.35323143,25.91202736,23.2972126,23.33298874,29.83371735,23.10876656,23.92137527,28.11964607,31.64386177
251,27.40333176,26.96694946,25.85356712,26.10120583,28.00193405,27.24526978,27.943573,26.69949913,28.86299324,28.10051727,25.1962986,26.23104858,25.69948387,25.4989357,23.59581757,23.21173477,26.16119385,31.56398964,18.42064667,22.32956123,25.57671356,25.94776154,26.5556736,26.50945091,21.63588715,30.41045761,17.81005287,19.39888763,31.32542992,33.84814072,38.18984222,37.18633652,28.21756744,26.85320663,30.47013664,32.7256546,31.75908279,35.61949921,33.84889603,35.25024033,34.05142593,30.39473534,30.04780388,30.38491821,32.59923935,29.27226448,30.40714645,32.20199585,30.41515541,30.32358932,30.88043404,32.79555511
252,27.93763351,28.42835808,26.95759964,28.30980492,27.93855667,29.10418701,29.92853355,30.33124542,30.43547058,29.61913109,25.86482811,24.32315254,27.12950325,29.30423927,26.66405487,25.77388954,29.74411011,31.61590576,14.51508904,21.99309349,26.68335342,29.43410301,35.71492386,30.88420296,27.5197258,30.98151398,14.91599941,11.52122784,26.83747101,27.91333771,35.78612137,37.26449203,25.90029716,28.29808044,27.58241653,33.01648712,32.76003265,33.97044754,35.03009415,31.85870171,34.58398819,33.2346077,28.74877167,29.77123451,31.58844757,27.46224785,29.37912941,32.54705811,29.53919601,30.82195091,32.53564835,35.55962372
253,28.04761505,27.36726761,27.19136429,26.8513031,28.78469467,28.1506958,29.19797134,29.30570412,29.21272469,25.60773087,24.50138283,21.7575264,24.15057373,26.7097683,23.58740997,20.0599823,26.52574539,30.86123085,12.17729568,17.47220039,24.49733925,28.02587318,36.27980042,29.69404602,26.71624374,29.43198586,12.45705891,8.824524879,29.01915169,27.8029213,38.58601379,37.33734894,25.50969315,24.35949516,25.40867233,32.09230423,32.27740097,33.48143387,34.68629074,32.89235687,31.88171387,30.64186859,27.40004158,25.72490692,29.8425312,26.48668098,26.69859695,30.24864388,27.00436783,27.46357346,29.32319832,32.34897995
254,21.71384048,20.90425682,23.41257477,22.78837776,22.85533905,22.79808235,21.20390129,20.33815193,24.0707016,26.63755035,19.72276878,21.32662582,18.82286263,16.92802238,16.71890068,15.22617817,23.88115501,28.21699715,14.87919426,16.27882195,18.02620316,17.33313751,21.8113308,30.93037796,24.84123611,28.18366051,27.30218315,29.36427498,33.79692459,33.13478088,32.17910385,32.63919449,28.25040817,26.46118546,33.16998291,32.84178162,33.4368248,30.88795853,31.09553909,32.60982132,31.36594391,29.37526321,33.9659462,32.17443085,34.49642563,32.77613068,33.4781189,30.72312355,32.93809509,32.56562042,32.00483704,32.13916397
255,24.80903625,25.15642166,23.97861671,24.11249542,26.49250603,26.54238319,27.29804993,26.06292152,27.50369835,27.1261673,25.50765419,26.70042419,27.13976097,28.22482491,28.36903,25.86198235,26.7714119,27.43697548,20.63825417,25.1990242,27.5777626,29.3788662,29.17399406,34.52634048,29.71254921,27.42336464,18.61405754,21.27502441,27.84267998,29.24045944,34.2995224,35.66864777,25.17926216,23.40737724,26.73962402,29.48509407,29.53818893,31.00745201,31.90625572,30.75222206,30.99156189,30.44176292,28.41209602,28.8824482,30.04803658,29.29021645,29.60613632,30.23898697,28.47287178,30.08167076,30.36362648,32.26882172
256,23.06144524,23.07302666,24.21252441,24.17248917,23.5201149,23.7189827,22.33295631,22.47345734,25.16859627,26.65149307,19.92929649,19.85948944,18.67939568,18.78814316,17.76099396,16.07834244,25.34468079,28.11939812,14.24776649,15.53573799,18.62308884,18.7663765,24.84262276,33.60380554,27.00935364,28.56003571,23.69228935,23.87114334,32.67550278,32.68548203,36.69903564,35.97237015,27.45838356,25.40954208,31.39064598,32.54491425,31.88552856,33.08274078,33.7042923,32.52891541,30.78060532,29.73504066,32.51935196,31.79693985,33.42091751,31.72324944,32.34766388,30.99790573,31.9240551,31.97205734,31.51955223,32.05591583
257,24.31667328,24.07271767,23.48901367,23.88018608,25.1762619,25.43013573,26.26244354,25.08462334,26.05438232,26.35393524,23.94449806,25.3441391,26.71121216,28.0156498,28.21779442,27.36724091,25.67961311,27.51195335,20.20391273,23.06776619,27.04223633,28.64141464,30.09530258,29.16065025,26.4040432,24.19975281,20.13150787,22.70503044,28.79708481,30.13856125,35.00367355,33.44773102,27.05857658,18.71442413,25.51351166,31.47071648,32.91228867,31.01226997,31.7789135,31.38409996,26.96675873,25.08397675,26.87502861,29.51722527,30.17525864,28.89636421,28.33062553,26.0391922,27.24121666,27.0495224,26.30755806,27.06729126
258,24.84241486,24.87001991,24.42526627,25.681633,25.49385834,25.70090866,26.48610115,27.56560326,26.89996719,26.02071953,21.25944519,19.59884453,22.7573967,25.61390495,22.66656113,20.01347542,26.15842438,29.46805191,8.335542679,16.16854858,22.89601135,26.60907936,34.89151764,31.17940712,27.32992554,28.57803726,15.45896149,11.01937294,28.87883759,29.51667786,35.60087204,34.59688187,23.87986374,24.98742294,28.03976822,32.96217346,33.36657715,34.07670212,33.59808731,30.82862854,32.13532639,30.99962997,29.2630558,29.3206234,31.72854042,27.60972023,28.79006767,30.36052704,29.47674751,30.1186409,30.81413269,33.19223022
259,24.4130497,23.71316338,24.78670311,24.63694954,25.58966446,24.96364975,24.39315224,25.23773766,26.12583923,24.97972298,21.75510597,19.96346474,21.29270172,22.9523716,19.88993263,16.48925591,25.56254959,28.6290741,12.02909851,15.22670078,21.30676651,24.00217628,32.17378998,28.71167183,25.78588867,28.68323326,19.32176018,17.25672722,32.75020981,30.72383499,35.81095886,34.06544876,27.97202873,27.58372307,28.99219131,32.8490448,32.92599106,32.29433441,32.95506287,31.72532463,31.62855148,30.75368881,30.74396515,29.17510414,31.63912582,29.08646584,29.43315697,30.10755157,29.38466644,29.65859604,29.73380661,31.63510895
260,26.40312195,26.48732758,26.65122604,26.07659721,27.15460587,26.99561882,27.42569733,26.87219429,28.32850266,27.48732567,23.82465172,23.68968201,24.37464714,24.52818108,23.61481667,23.89473343,27.78032684,29.92016792,19.7780323,20.88866043,23.8289032,24.59029198,27.79486084,31.70718956,25.61457062,30.44357109,17.2718029,17.91381073,31.96348763,29.73495483,35.87450409,36.0690155,30.53821945,25.13751221,26.43198586,31.59142685,31.74289131,31.22465897,31.78745461,32.2023201,27.73246384,25.41984367,28.56374931,28.72787666,29.97061348,28.12690926,28.55619621,26.63027,26.22602081,26.9583416,26.4500885,28.01987648
261,24.94629097,24.57906342,24.13163376,23.10404968,25.6196804,25.39181519,25.95229912,23.87149239,25.64208984,24.91107941,25.03289223,26.30924988,27.3315258,27.5106163,27.14285278,27.15032005,24.96922874,25.93683815,23.68587875,25.28236771,29.21069527,29.0860157,25.60097122,35.5452652,30.34971428,25.51826668,16.89787865,20.38116074,30.20407677,30.62915421,36.12342453,35.93564606,30.54170799,20.75178146,26.23148918,31.77865982,32.73888397,31.72266769,32.28077316,32.44548416,27.82902908,26.20677567,28.09314919,29.6777401,29.62543297,29.08803368,28.79076195,27.30929184,27.06744385,26.97571182,25.91969872,27.2489357
262,23.67254066,24.33044052,23.95434189,23.94591904,25.27037811,26.44175339,26.37273788,24.68330383,25.44555664,26.57264709,24.27474403,26.64258575,27.67938995,28.66239738,27.94171333,26.98035622,26.87091064,24.69106293,21.79910088,23.94312859,27.16355324,27.73114204,30.92247009,36.98115158,32.60828018,24.51560783,25.92742348,27.80686951,32.24594498,32.02799606,32.38016891,32.17142868,25.8730545,22.22470284,30.52605438,33.09646225,33.13818359,30.63409042,30.79134178,29.72075272,25.33036041,27.39482117,30.82614899,33.29888916,31.76226997,30.49166107,30.57466507,27.96511841,30.31137466,29.64645576,28.85202217,29.19488907
263,21.49926758,21.09548759,23.3484478,23.87928581,22.98390579,23.69956398,22.27032852,24.3537426,25.09103584,26.86940002,17.98818779,17.99855614,18.52880669,20.47455406,19.21737671,17.23983955,26.11740685,29.09404564,9.301101685,12.76473427,17.29210281,20.54526711,31.3385582,33.77514648,28.44413757,28.7571888,25.59145164,24.97619438,35.71924973,33.10163498,35.25118256,34.85421371,29.60217667,26.01345825,32.32260895,34.50131989,35.50749588,33.20030594,33.94855499,32.59291458,32.20537567,30.04508018,33.7996788,33.38061905,34.67404556,32.17890549,32.88802338,30.69036865,32.34249878,32.37792587,32.65171814,33.17166519
264,23.42307091,23.49005318,23.17863464,22.97768593,24.32900429,24.89568329,25.23093033,23.1094265,26.02552414,26.99715042,23.28981018,25.48325539,25.71427345,24.5169735,25.72812462,25.6114254,25.56604385,27.82708359,23.02838707,24.00735474,25.65460014,25.35838509,23.9839325,27.36490059,23.96004677,27.64188194,22.44602966,25.79527473,31.69103432,34.29059982,34.55088043,33.60010147,29.87214661,25.57215118,28.51648331,33.49135971,34.47636032,34.08066177,33.03585052,32.23716736,29.10899353,26.43535042,29.7265873,32.67647552,31.23912239,30.61752892,30.49910164,27.83777237,29.40345573,28.9367466,27.42220116,27.47960663
265,29.39152908,28.93518448,28.34996605,27.72917747,30.44939232,29.68361092,30.05277061,28.98008728,29.86227989,27.7140274,27.91347885,26.45853043,27.05777931,28.10772133,26.50436974,23.33618546,28.05812836,31.51413536,18.72227859,24.54891586,28.39679718,28.73263168,35.26649475,33.2242012,28.6613884,28.78545952,16.29047394,15.60975361,28.8900528,26.79756546,38.55327988,39.14163208,27.55257416,23.37215424,25.0322628,29.6619854,29.26112556,32.06232452,33.38399506,32.46874237,29.12769318,28.82440758,25.67316246,25.21801949,28.69829369,26.51142883,25.9479847,28.57509995,25.07356071,25.68315887,27.57717705,30.30552292
266,25.15038109,24.94908905,24.99254417,24.99569321,26.26628876,25.88557625,25.55758286,24.87489891,26.1729393,25.55413055,23.34520531,23.59455872,23.47607803,24.001091,23.15893555,18.1621666,25.28549004,29.38658714,17.14077759,19.94886398,23.49584198,24.52578163,29.79845428,33.62646866,28.16008759,29.07929802,24.70326614,25.59104156,32.43421555,32.84693146,35.56692886,34.32539749,28.28592491,26.54358292,29.07189751,28.35428047,27.9889183,33.65454865,32.37979126,32.12082672,29.753685,30.41644478,28.25332069,26.88784599,29.22571182,28.5555191,28.49362755,30.32675743,27.9865303,28.40204239,30.10476112,31.05493164
267,4.585080624,7.072693348,5.378134727,9.027872086,3.957660675,7.289980888,8.553448677,11.67303753,10.12444401,9.90158844,2.214800835,1.414402962,3.706819534,6.841657162,7.536693096,5.316783428,11.29990768,13.93314362,0,0,0,6.248334408,19.12199211,16.44275856,10.50282574,17.12794304,0,0,3.943907261,8.141488075,18.85194016,25.21508598,17.42389107,19.12880325,3.808156967,9.049931526,10.73214054,12.50655079,12.86442852,10.70661068,16.52861786,16.20001221,6.622590542,7.885284901,8.732633591,4.143069744,7.649738312,15.92113113,8.782612801,9.593546867,13.92938519,15.98996639
268,0,0,0,0,0,0,0.152363777,2.222162247,0.231386021,0.473493725,0,0.492847025,1.981626868,9.238287926,11.59456253,9.234604836,2.258400202,2.516601086,1.82272172,1.147213578,2.066100121,9.201259613,11.60443878,18.28126335,13.44163322,7.255112171,3.618197203,9.71059227,10.03620625,12.89788246,19.15039063,23.32590294,23.46252823,4.506621361,5.910139561,9.365268707,10.40257645,10.81296158,11.90465164,11.46503353,12.40394974,12.39234352,9.089956284,9.945960045,8.697072983,8.443161964,8.977365494,13.49666023,8.052045822,6.721161842,10.23761368,10.06147099
269,8.181051254,9.559202194,7.355437756,9.027841568,8.203477859,8.598876953,10.69193459,11.01868439,10.46244907,9.257660866,6.740987301,7.646160603,7.617106915,8.633523941,8.690124512,8.529417038,9.68523407,12.73217201,0,5.131072521,6.129837513,8.204645157,12.88588238,13.84728336,8.176001549,15.44482422,0,0,3.146562815,6.925046444,17.12113571,24.70567894,16.13179779,13.97387886,1.569478631,4.386491299,4.984680653,10.76427555,8.257164001,9.133800507,12.52214527,12.62585926,3.101745367,3.657514334,4.779473782,2.131634235,3.700503111,12.62192535,4.566440582,4.763400555,9.005767822,11.01382923
270,10.59923935,11.90881062,9.61783886,11.4227314,9.837664604,11.00130177,12.01241112,14.22641087,12.14815998,9.222490311,7.457121372,4.945529938,6.666614056,9.912567139,9.356389999,6.817486286,11.8042593,16.09011459,0,2.647318363,4.379308701,8.044629097,20.75238419,18.0863018,12.91143799,17.25485039,0,0,4.96646595,2.555731297,19.18283844,26.74238586,17.08916473,17.54726219,0,5.670970917,6.742221355,9.731239319,10.67145824,8.748224258,11.1216116,14.05189228,1.220528007,1.032053947,2.446552277,0,0.527484894,12.0045042,1.115326643,1.50466013,8.392025948,11.82677937
271,1.886798382,2.934446096,4.176959991,6.76414156,1.822635055,3.486164808,2.928491831,6.79984045,5.987369061,7.65525341,0,0,0,1.074954748,0.816863894,0,8.900608063,12.89814091,0,0,0,0.083245009,13.84204483,19.18831635,12.13298893,17.04481125,3.726534128,2.655992985,13.06453323,11.66157913,18.61592102,23.6604557,20.87750816,17.86433029,8.854971886,11.28999615,13.60626984,13.03748035,11.92369652,10.62643242,14.49902058,15.2137022,11.49380398,11.11324787,10.47708511,7.480053902,9.244979858,14.23846531,10.22640514,9.445726395,13.190835,13.87959671
272,7.536362171,10.02682686,8.654925346,9.007867813,7.782655239,7.598316193,9.293452263,9.559824944,8.285579681,9.299286842,5.36217165,6.852836132,4.945005894,5.619020939,6.468051434,8.265282631,10.17469406,12.05537415,2.819373369,6.424023628,5.017112732,4.833985329,8.336938858,20.52308083,8.575630188,17.37832069,0,0,2.915839434,7.68499136,17.49368286,25.84426498,19.73204803,5.210293293,4.425215721,4.076843262,3.820555925,7.540071964,5.824119568,9.980838776,9.901665688,7.573363781,5.446500301,5.703822613,7.156900883,5.091855526,6.145579815,9.568546295,5.651815414,5.989434242,7.807925701,9.228102684
273,0,0.973843813,2.1668818,5.130282402,0,1.232080817,0,3.960353374,6.745709419,9.16580677,0,0,0,0,0.637297928,1.555471063,8.841795921,13.19991875,0,0,0,0,6.368070602,14.45041466,6.877278328,18.79425812,3.671912909,4.236018181,13.38780975,14.572999,20.64308548,26.53297424,22.00975037,19.57243347,11.12738705,14.51750755,15.79119968,15.28758717,15.79131222,13.49631882,19.10078812,15.97539806,14.55494308,14.65578175,13.48532391,10.30565739,13.40291214,17.23268509,13.17598438,13.33381081,16.42141151,16.62905884
274,29.63355446,30.16174507,28.38814545,29.03512764,28.63445663,30.02080536,31.27715111,31.01525688,31.72765923,29.5843277,28.20691872,27.22062492,29.44080734,30.45522118,29.09996605,29.23934937,30.49082375,31.88746452,22.39822197,24.87900543,28.46699142,31.08174324,34.14183426,31.5227356,28.63819885,31.49469185,13.37011909,12.46630764,26.68737411,27.23839188,38.85391235,38.98493576,29.41277313,26.98459244,24.10828781,30.68273544,31.23968506,32.77680206,35.59474182,34.28276062,33.70967484,30.16971588,27.33896828,27.7107029,30.1024456,27.66158104,28.98615456,30.85972595,27.84731293,28.26008034,29.77119446,32.24489975
275,3.700513124,6.298009396,6.587415695,7.891869068,3.523501635,5.340994835,5.220857143,8.450315475,8.176732063,8.499700546,0.771125913,0,0,0.997048616,2.435566425,1.619907379,10.3842411,13.07418537,0,0,0,0,10.64452362,18.90209389,8.876680374,19.60284996,3.025112152,3.419341803,9.795203209,11.2388258,19.72143364,26.4362011,24.11016655,15.33115292,7.385185719,7.863465309,7.788485527,11.04450607,11.66354752,12.16872597,14.82847691,12.07285213,9.320204735,7.596125603,9.029415131,6.9888587,8.832935333,13.68618107,7.926239967,8.584638596,12.25521278,13.22999001
276,3.756998539,5.375993252,5.637201786,6.961551189,2.964685202,4.288236618,3.920914412,5.84239769,6.107670784,7.589286327,0.076722592,0,0,0.337690949,0,0.377437741,8.337683678,11.14867401,0,0,0,0,11.03299904,17.02729416,8.580901146,16.19684029,2.809820652,1.401551008,10.00594902,11.09183788,19.68274689,24.85543633,19.0587101,14.15906715,8.362034798,10.01973724,10.04954529,11.92295551,10.64357662,10.7699213,12.48737717,11.9116354,10.54236984,10.54519081,10.13841438,7.069303036,8.019054413,12.4304533,9.967162132,8.650072098,10.8798542,11.49110699
277,7.376427174,8.888490677,7.494281769,8.352189064,5.972310543,7.223078251,7.731006145,10.36713505,9.680333138,8.915433884,3.921656132,3.532804728,3.854664803,6.042762756,7.65150404,8.458189964,10.91008377,13.43083763,2.524161577,3.071037531,2.04060483,5.539183617,7.48355484,16.41336441,8.161309242,19.3442421,0,0,7.624948025,8.561518669,18.41095924,26.55122185,22.24543381,14.89492512,2.643262863,6.338686466,5.858997822,8.729346275,9.982459068,11.05637169,14.11633015,12.61429501,6.169857502,5.335860729,6.413416862,5.494045734,7.228598118,13.22486401,4.699989319,6.296947479,9.839722633,11.90134525
278,9.642115593,8.126731873,13.58020401,12.62631416,10.13163567,13.07713318,10.98519993,12.1872797,16.5661068,15.71144676,7.429300785,10.08144474,13.76866245,11.1616497,11.3169384,13.82076836,17.01285553,20.53032303,5.574453831,8.226521492,9.754328728,10.65976048,14.11247253,28.93476677,23.29746628,22.86057281,16.81216049,22.1863575,23.13045692,26.31357384,31.78055191,30.00691223,29.30211258,21.43298721,25.36401367,29.89783859,29.09474182,27.21467781,27.77293587,30.60983467,28.73197365,27.29402924,26.96609306,29.66345787,30.34025383,29.46462822,28.75557327,27.90330887,26.6004715,25.60762978,27.301157,27.06904602
279,6.928491592,8.459586143,6.601335526,8.293399811,5.51641655,6.704424858,7.222699642,8.988575935,8.940348625,8.63056469,3.352622986,2.583455563,2.219746351,2.97174716,2.728051662,3.391001225,8.887208939,12.54009342,0,0,0,1.709185362,9.209130287,15.61368656,7.855957031,16.21143913,0,0,5.615961552,6.877542973,19.51147079,26.28997231,18.39146614,16.89334679,3.565475464,8.254178047,7.947762966,9.779097557,11.23139572,11.13258076,13.68249035,13.67288113,6.811600685,6.353710651,7.927226543,4.662840843,6.86202383,14.65426254,7.325734615,7.479521751,10.63971138,12.90593433
280,4.896945,6.467441559,4.013760567,5.353934288,4.015600204,4.935479164,6.130931854,5.099936008,5.482562065,6.83570528,3.937908649,5.876883984,5.663033962,4.506526947,4.581235886,7.752446175,6.125475407,8.51465416,1.82630074,3.306740284,3.713125229,2.906266451,4.08969593,8.961126328,3.680433512,11.22379589,0,0,3.710462332,8.596099854,14.16204929,19.65665627,16.24433517,11.57410336,3.485299587,8.667393684,8.525173187,8.663959503,6.245452404,6.893145561,8.342293739,8.570179939,4.961232662,8.091739655,6.208888054,3.191763878,4.144086838,9.610196114,6.178410053,4.558497906,5.077601433,6.577434063
281,6.147952557,8.511758804,7.695987701,8.538817406,6.827673912,7.179908752,7.955384731,9.19930172,7.53121376,7.264569283,4.756165504,4.967467308,4.309199333,3.676623106,3.300628424,3.294615984,9.253385544,10.76528168,0.577721298,2.320481062,1.971544266,3.713433981,10.58123684,16.17399216,8.424160957,16.6866169,0.230240256,0,4.755235195,6.250903606,13.49498272,21.78612709,21.89952469,14.20241737,3.793024063,4.686486721,4.105610847,6.54894495,5.372290134,7.006224632,10.14618587,10.97928715,4.825209141,3.311975479,4.521687031,2.437287331,4.191282749,10.50356007,3.534242868,4.510755062,7.596626282,10.00054741
282,22.9985199,21.9371109,23.46334457,23.66518974,23.38411522,23.65869522,22.68836021,24.48217964,25.94118118,25.11418533,20.41412926,18.48702431,20.67785454,23.18861961,21.7073555,18.16914558,25.74013138,29.02282524,13.61549568,15.34287643,20.29420662,24.26377296,31.50650024,29.76917076,27.08963776,29.61366081,20.31165695,20.11895943,35.9236145,33.00357819,37.72552109,35.67768478,31.09376144,29.18268204,30.35399628,35.79761505,36.2807045,33.68437958,36.25395966,34.29206085,34.23115158,32.4151535,33.22073364,31.92074394,33.82919693,31.62454414,32.25066376,32.33588791,31.07105255,31.48654366,31.83313751,33.3949585
283,21.04953003,20.14984322,21.88105392,22.16938972,21.61462212,21.32493973,20.31974411,20.91044807,24.88869476,25.81421661,18.26307487,18.22354698,17.88656044,19.39549446,18.52183342,18.44327545,24.53604507,29.25059319,13.8157053,14.76586056,17.97779846,19.64268494,24.67479706,28.10517311,22.49305916,30.60800362,22.14420891,23.99289131,37.31918335,37.5388298,40.37071991,36.63687515,29.90019798,26.63510323,35.25668335,38.9595108,38.71119308,36.82192993,37.35543823,37.50799561,36.13383484,30.26872826,37.00427246,36.8744812,38.13313675,34.47668839,35.33407974,32.46650314,35.51310349,34.15880966,33.23244476,33.62805176
284,0,0.12246158,2.391428232,3.385607243,0,0,0,0,3.731642008,7.14399147,0,0,0,0,0,0,6.171457767,10.63511848,0,0,0,0,3.131675243,14.13854027,4.754780769,16.37101173,6.064916134,7.363759995,11.9140377,12.52268887,19.42205048,25.31835747,21.60234451,14.91437149,12.54862404,14.81511021,14.02232647,11.09478951,13.06364536,13.6038208,17.06559372,13.08991337,15.33554077,14.27638054,14.18382645,10.49770927,12.68804932,15.54810619,14.02795601,12.44392776,14.20478439,14.5079174
285,23.83470535,23.79620552,24.56160736,24.19510078,24.65279198,24.51572037,24.20779991,24.08065605,26.384655,26.17684174,22.14631081,22.53832245,22.14466286,21.47210503,20.63195419,19.85307693,25.46824837,28.65435982,18.87282372,18.86432457,21.82117844,22.70171547,25.93017006,31.51127434,26.06564522,29.95567513,21.343256,22.53682137,32.81233215,33.65286636,37.73171616,36.08341599,32.39774323,25.89414597,30.7736721,33.49419403,34.04905319,33.9493103,34.80690765,35.10923004,33.27685928,29.5844593,32.52420807,31.89596748,33.73062897,31.69209099,32.34589005,31.15427971,31.15594101,31.08443642,30.55511475,31.43676949
286,19.87833405,19.43026924,21.85957146,22.17807198,19.44223595,21.46498108,19.16763306,18.85043144,24.72531128,26.70700836,19.93583107,20.60623741,18.55726433,16.22763824,18.31939125,17.64028358,24.42207718,29.65951347,20.80417061,18.66087914,16.98719406,17.34571457,21.60978127,30.15738106,25.04189301,30.94737434,30.18040466,34.50081635,37.1848526,37.30815125,36.97869873,35.73834229,36.55748367,31.27848244,36.36229324,38.33330536,39.14544296,36.23833466,37.96088409,37.99501038,37.8601799,32.62818527,37.53497314,36.73386383,36.79491806,35.16509247,36.91897583,34.70335007,35.76968765,34.85386276,35.26680756,34.88082504
287,21.99389648,21.49469757,22.95096016,22.91845322,22.61954498,23.04413223,22.05561066,22.582201,25.5018158,25.01908875,20.55579948,20.02006531,19.67173576,20.52612686,20.84174728,16.53318596,24.81012344,28.89468575,17.25850487,17.18962288,18.88790321,21.50237465,27.30727768,29.57781792,25.18102646,29.62059975,25.86578751,27.58128738,36.15513992,35.01745224,38.0881424,36.03823471,32.27982712,27.05972481,31.90402794,32.62848282,32.06487274,34.30718994,35.92070007,35.88092804,34.85825729,31.47348595,33.19101334,30.31602287,33.51579666,32.09615326,32.69031143,32.69201279,31.65028,31.84827805,32.6818924,33.201828
288,8.860184669,11.03251076,9.522366524,10.61534119,7.95200491,9.515527725,10.79593945,13.41070843,11.99248028,10.09607792,5.484677792,4.376002312,6.392685413,7.376790047,7.923379898,9.238951683,12.24525452,14.61955261,1.443890929,3.12218833,3.377606392,7.125936985,10.91315651,18.60488319,10.35921097,20.0445385,0,0,5.923863411,7.331197262,19.19501114,27.46914101,23.21163559,16.94673538,1.405688882,6.669450283,7.35018301,10.14641762,11.22609901,11.19792747,13.78376198,12.59719944,4.866353512,4.777058125,5.873315334,4.074047565,6.3487463,13.16950989,3.50468874,5.659063339,9.380848885,11.99943447
289,30.5512886,30.69957161,29.97769165,28.10533524,32.50752258,29.80083084,30.80863953,28.17635155,28.59311485,27.44882011,31.22916794,32.13066101,28.8793087,26.82279968,24.5470562,20.49531174,26.32566071,29.74520683,24.61990929,29.50155067,30.68614197,28.68622398,31.30021095,30.97727585,26.53544426,27.90986061,18.03105736,19.56354713,24.16954994,25.54133987,34.52853775,36.29870987,28.44079971,19.56606674,25.38646889,22.27707863,20.52775764,26.82434845,25.97825241,31.05140877,27.76315498,26.22687721,23.6215992,20.97455597,27.00023651,25.49190712,25.23461342,27.22241211,24.88628769,24.78648186,25.62015724,28.00455475
290,30.25773239,30.48380089,29.73890114,29.04105568,30.85619164,30.01885414,29.89060593,27.90694427,28.66786957,30.23789787,30.10854912,31.14899445,29.09897041,26.24142838,23.53875732,24.27057076,28.0908699,30.35634041,25.18439484,29.39188576,30.45725632,27.83574486,28.75317955,27.81087112,24.15820122,28.91150856,20.53189468,21.69280243,24.54832077,26.96348572,32.27386475,34.51317978,28.6219883,20.93119049,28.85355759,27.57198143,25.5021801,27.31601715,26.507658,30.30250931,30.49464798,27.9719429,27.99860191,28.47345352,30.66321754,28.0532589,28.79364014,28.51985168,29.09471893,29.06091881,28.09248924,30.16450119
291,25.19781303,25.45259666,24.98517609,24.64172935,25.38350868,25.33236313,25.43685532,24.1192627,25.11127472,25.69713593,24.3932991,25.33297729,25.53763962,24.58405113,22.07990646,24.07225609,24.7181015,25.97213554,21.9930172,22.11113548,25.95679092,24.87087059,25.27086639,27.67975616,24.69198227,25.22096443,21.22225952,22.94566727,26.83306122,29.48278999,34.59981155,32.82855606,29.88806534,18.32499886,28.5394783,31.75728226,30.32354736,28.96858978,30.5972538,31.39950562,29.45901871,26.05417442,29.71780205,31.10365486,31.59014893,29.94861984,30.02871323,28.68616867,30.04333878,28.96570969,27.51859856,28.21651077
292,21.75382042,22.47368431,21.865345,22.21142769,22.04813004,23.58569527,23.70757866,21.91370583,23.34871864,24.19506073,22.56039047,25.07030296,26.88394547,24.61544418,23.24975395,23.58142853,23.24169922,24.1863842,21.67088318,21.53772163,25.6598053,25.58460045,25.20559692,25.71046829,23.95754623,23.72379303,23.30446625,24.7145977,28.00336266,32.09018707,30.49428749,29.01796341,29.86352921,26.22628403,28.48535538,33.05274963,33.62759018,31.48032188,29.67801094,29.18294334,27.02204132,26.54402924,28.44487572,32.08377457,30.253088,28.92188644,29.41718674,27.8726902,29.32157326,28.07853699,26.29593849,26.58335114
293,26.78443909,27.46829796,27.44339561,26.22421837,29.1529808,27.88901138,28.16967773,27.05241203,28.18287277,26.87467194,25.86856842,26.58146286,25.09626198,24.1116333,23.28582382,20.70976067,27.60393906,30.32517624,21.60022545,22.69170189,25.03395462,24.60251236,28.669384,34.06004715,26.67697144,31.39469719,21.45194244,22.499506,31.72350883,31.32457733,35.91489792,36.74562836,33.22502518,25.55395699,27.25556564,28.04730606,27.83204079,31.5358963,31.05984306,32.86248016,27.47594833,26.27640533,27.19098282,25.5337162,28.65563774,27.7614212,27.73450279,27.41602707,25.25543594,25.87511063,26.35078812,28.23238373
294,29.84636307,30.15297508,29.45267105,28.57696152,30.60046768,30.38397789,31.09534836,30.51929474,31.19618988,28.02141953,27.92422676,26.91851044,28.15704346,28.12701988,27.39817238,25.52823448,29.37636566,32.61099243,23.24939156,24.89407539,27.50134277,28.766325,31.45591736,36.15281296,29.30234146,33.10383224,17.09812355,18.08471489,31.41490364,30.84984207,38.91199493,39.47681808,33.89989853,26.83761597,26.52306366,30.13364601,30.13487816,33.52612686,34.82336044,35.22624969,31.19895935,29.66076469,27.44739342,26.5056057,28.89076805,28.21817398,28.42932129,30.66162109,25.6750412,27.32278824,29.12632942,31.39469719
295,26.77861023,28.23653603,27.48988152,25.61599541,29.08863068,27.85695648,29.20353317,26.50525284,26.58725166,25.11757469,26.94653702,28.72031021,28.55730629,27.58075905,25.64593124,25.67903137,26.71327019,25.99222755,25.0599041,25.42364311,29.79712677,28.05164146,27.58815002,37.177948,30.01390648,27.01689911,20.01806259,22.74247551,27.29924202,29.81211853,35.44655609,35.37630081,32.18496323,17.33890343,25.76606178,28.00725937,27.43272972,29.52194595,29.40040398,31.40151405,23.35251808,21.872509,25.17885017,26.27967644,27.78517342,28.04740524,26.8080883,24.59341049,24.24771118,23.93878365,23.44518661,24.32896614
296,27.81289864,28.91084099,28.03636742,27.82860756,28.01060486,28.87252426,29.46548653,28.08707619,28.75619316,28.38587189,28.11118889,27.47897911,28.58457756,28.10978127,27.09203529,27.08569908,29.06228065,29.00556755,24.08545113,26.50426674,29.31307602,29.5422039,32.54947662,36.42982864,31.32864761,29.75510216,17.77798843,19.27295876,25.3732605,26.2951355,36.40332031,37.11896515,32.02883911,22.64661598,25.02613068,30.0906086,30.7248764,29.3207283,32.62448502,32.80521774,30.62253761,27.47078705,27.81259918,28.82995605,30.45605659,28.65190315,29.39560127,28.71321678,27.76529121,27.42024994,27.80380821,29.13226509
297,20.43498039,20.2112236,21.74173546,21.18629074,21.32159805,21.12566376,19.90897369,19.41520119,22.67931747,23.2787056,19.83050919,19.96816254,18.68278885,19.09465599,17.89169502,16.12639618,23.05772591,25.66968346,17.2056694,16.01711464,19.37780571,20.01939392,23.53971863,28.02633286,23.89830971,27.3380928,25.89357567,27.4761734,33.92250061,34.57736969,35.98724747,33.87560654,31.45144844,24.75876808,32.66915894,34.08335114,33.33538437,33.16695404,33.92700958,33.54005051,31.95898438,29.59437561,33.18647385,32.39551163,33.78168106,32.16913986,32.36895752,31.17682266,31.88421249,31.18064117,30.52994919,31.00782585
298,22.07756805,21.63895988,22.91185379,22.37434959,23.10115433,22.47805786,21.52196503,19.27787209,22.46732712,23.72290421,20.9503994,21.87701607,20.5402813,19.55114174,16.89883423,16.75556183,22.75419235,25.42191505,17.4803772,17.13157082,21.92447472,20.68581581,23.54850388,25.57880592,22.68058777,26.55770302,26.72722816,27.71020699,33.94944,34.10834503,33.42172623,30.22403908,28.68341827,23.23576927,32.31228256,34.05027771,33.44665909,32.46598816,30.91736603,31.85954475,28.51001549,27.22212982,32.3266716,32.38452911,33.05154419,30.92353821,30.61215591,27.85318375,31.14929962,29.10838699,27.85116005,27.6394043
299,20.32270241,19.90690041,21.73984146,20.68074799,20.43980789,20.03653526,18.31526184,16.6700325,22.63119888,24.85611725,18.45562935,18.69166756,14.29124641,12.81473351,11.77404022,11.21648121,22.39109039,26.27461433,16.35778999,14.22951698,15.14595795,12.43534946,17.64882088,24.63794708,18.98420715,28.01500511,25.57825661,26.00094986,33.38901138,33.75185776,36.4967804,34.72692871,27.59160995,26.58514404,33.26546097,33.86568451,32.41372299,33.05536652,33.95749664,33.81601334,32.5148201,28.91305733,34.54374695,32.47590637,34.66535568,32.1143837,32.71284866,31.16119766,34.03304291,32.48902893,30.51678658,30.75081825
300,22.72450638,22.83733368,24.12296486,23.86701775,23.67095566,22.96131706,22.41511345,22.19667625,25.81863403,26.18324852,20.71125603,20.60017586,19.42594147,18.27515221,17.14912415,16.70631981,25.27704048,28.70660973,17.11906242,16.57731819,19.29815674,18.88560486,23.64125252,28.04338264,22.41057968,30.4702034,22.86041641,24.04860306,33.54180908,34.1386528,38.39820099,35.35800552,31.58127213,26.30788994,32.33360291,34.05175018,33.65203857,33.29927444,34.68717194,35.5890274,33.81475449,28.4152317,33.96491241,32.45769119,35.17912674,32.41714096,33.08834839,30.87119102,32.63720322,31.57898903,30.41366386,31.10691833
